{
    "countries": [
      {
        "id": 1,
        "name": "Australia",
        "cities": [
          {
            "name": "Sydney, Australia",
            "imageUrl": "https://upload.wikimedia.org/wikipedia/commons/thumb/5/53/Sydney_Opera_House_and_Harbour_Bridge_Dusk_%282%29_2019-06-21.jpg/640px-Sydney_Opera_House_and_Harbour_Bridge_Dusk_%282%29_2019-06-21.jpg",
            "description": "A vibrant city known for its iconic landmarks like the Sydney Opera House and Sydney Harbour Bridge."
          },
          {
            "name": "Melbourne, Australia",
            "imageUrl": "https://www.tripsavvy.com/thmb/2AGo509kDat7XpEKPCAw2pQhRzk=/1500x0/filters:no_upscale():max_bytes(150000):strip_icc()/cityscape-of-melbourne-city-of-australia-during-the-sunset--873409300-8db98cef20b44200abfb339188d801f7.jpg",
            "description": "A cultural hub famous for its art, food, and diverse neighborhoods."
          }
        ]
      },
      {
        "id": 2,
        "name": "Japan",
        "cities": [
          {
            "name": "Tokyo, Japan",
            "imageUrl": "https://media.traveler.es/photos/64e32c849ab0bbad14796953/16:9/w_1280,c_limit/tokyoGettyImages-1031467664.jpeg",
            "description": "A bustling metropolis blending tradition and modernity, famous for its cherry blossoms and rich culture."
          },
          {
            "name": "Kyoto, Japan",
            "imageUrl": "https://www.hertz.com/content/dam/hertz/global/blog-articles/planning-a-trip/kyoto-japan/kyoto-header.jpg",
            "description": "Known for its historic temples, gardens, and traditional tea houses."
          }
        ]
      },
      {
        "id": 3,
        "name": "Brazil",
        "cities": [
          {
            "name": "Rio de Janeiro, Brazil",
            "imageUrl": "https://i.natgeofe.com/n/560b293d-80b2-4449-ad6c-036a249d46f8/rio-de-janeiro-travel_square.jpg",
            "description": "A lively city known for its stunning beaches, vibrant carnival celebrations, and iconic landmarks."
          },
          {
            "name": "São Paulo, Brazil",
            "imageUrl": "https://cdn.britannica.com/54/101754-050-3FA9B4A0/Downtown-Sao-Paulo.jpg",
            "description": "The financial hub with diverse culture, arts, and a vibrant nightlife."
          }
        ]
      }
    ],
    "temples": [
      {
        "id": 1,
        "name": "Angkor Wat, Cambodia",
        "imageUrl": "https://etimg.etb2bimg.com/photo/91259638.cms",
        "description": "A UNESCO World Heritage site and the largest religious monument in the world."
      },
      {
        "id": 2,
        "name": "Taj Mahal, India",
        "imageUrl": "https://services.meteored.com/img/article/la-razon-por-la-que-el-taj-mahal-de-la-india-cambia-de-color-varias-veces-al-dia-1703426727911_1024.jpeg",
        "description": "An iconic symbol of love and a masterpiece of Mughal architecture."
      }
    ],
    "beaches": [
      {
        "id": 1,
        "name": "Bora Bora, French Polynesia",
        "imageUrl": "https://s1.it.atcdn.net/wp-content/uploads/2013/08/FPO_BOR_100.jpg",
        "description": "An island known for its stunning turquoise waters and luxurious overwater bungalows."
      },
      {
        "id": 2,
        "name": "Copacabana Beach, Brazil",
        "imageUrl": "https://upload.wikimedia.org/wikipedia/commons/thumb/6/62/Praia_de_Copacabana_-_Rio_de_Janeiro%2C_Brasil.jpg/800px-Praia_de_Copacabana_-_Rio_de_Janeiro%2C_Brasil.jpg",
        "description": "A famous beach in Rio de Janeiro, Brazil, with a vibrant atmosphere and scenic views."
      }
    ]
  }
  